Date,Open,High,Low,Close,Volume
01/04/2016,2038.2,2038.2,1989.68,2012.66,802072115
01/05/2016,2013.78,2021.94,2004.17,2016.71,619260483
01/06/2016,2011.71,2011.71,1979.05,1990.26,734820348
01/07/2016,1985.32,1985.32,1938.83,1943.09,860517477
01/08/2016,1945.97,1960.4,1918.46,1922.03,800798104
01/11/2016,1926.12,1935.65,1901.1,1923.67,775646469
01/12/2016,1927.83,1947.38,1914.35,1938.68,759189614
01/13/2016,1940.34,1950.33,1886.41,1890.28,874565406
01/14/2016,1891.68,1934.47,1878.93,1921.84,920305719
01/15/2016,1916.68,1916.68,1857.83,1880.33,121200428
01/19/2016,1888.66,1901.44,1864.6,1881.33,876359950
01/20/2016,1876.18,1876.18,1812.29,1859.33,4309713
01/21/2016,1861.46,1889.85,1848.98,1868.99,853633943
01/22/2016,1877.4,1908.85,1877.4,1906.9,809147435
01/25/2016,1906.28,1906.28,1875.97,1877.08,760931974
01/26/2016,1878.79,1906.73,1878.79,1903.63,695956044
01/27/2016,1902.52,1916.99,1872.7,1882.95,801306427
01/28/2016,1885.22,1902.96,1873.65,1893.36,820296447
01/29/2016,1894.0,1940.24,1894.0,1940.24,144609311
02/01/2016,1936.94,1947.2,1920.3,1939.38,714148314
02/02/2016,1935.26,1935.26,1897.29,1903.03,788015916
02/03/2016,1907.07,1918.01,1872.23,1912.53,893685485
02/04/2016,1911.67,1927.35,1900.52,1915.45,865531792
02/05/2016,1913.07,1913.07,1872.65,1880.05,866331912
02/08/2016,1873.25,1873.25,1828.46,1853.44,1012893978
02/09/2016,1848.46,1868.25,1834.94,1852.21,847335260
02/10/2016,1857.1,1881.6,1850.32,1851.86,765063599
02/11/2016,1847.0,1847.0,1810.1,1829.08,959312839
02/12/2016,1833.4,1864.78,1833.4,1864.78,803669163
02/16/2016,1871.44,1895.77,1871.44,1895.58,840931331
02/17/2016,1898.8,1930.68,1898.8,1926.82,818658375
02/18/2016,1927.57,1930.0,1915.09,1917.83,729872023
02/19/2016,1916.74,1918.78,1902.17,1917.78,862747420
02/22/2016,1924.44,1946.7,1924.44,1945.5,663513182
02/23/2016,1942.38,1942.38,1919.44,1921.27,626779261
02/24/2016,1917.56,1932.08,1891.0,1929.8,662291401
02/25/2016,1931.87,1951.83,1925.41,1951.7,590047710
02/26/2016,1954.95,1962.96,1945.78,1948.05,669969843
02/29/2016,1947.13,1958.27,1931.81,1932.23,849487499
03/01/2016,1937.09,1978.35,1937.09,1978.35,742687074
03/02/2016,1976.6,1986.51,1968.8,1986.45,680819457
03/03/2016,1985.6,1993.69,1977.37,1993.4,667829915
03/04/2016,1994.01,2009.13,1986.77,1999.99,782584654
03/07/2016,1996.11,2006.12,1989.38,2001.76,654455151
03/08/2016,1996.88,1996.88,1977.43,1979.26,699806748
03/09/2016,1981.44,1992.69,1979.84,1989.26,608081877
03/10/2016,1990.97,2005.08,1969.25,1989.57,665444879
03/11/2016,1994.71,2022.37,1994.71,2022.19,641712853
03/14/2016,2019.27,2024.57,2012.05,2019.64,546841030
03/15/2016,2015.27,2015.94,2005.23,2015.93,529503338
03/16/2016,2014.24,2032.02,2010.04,2027.22,617671853
03/17/2016,2026.9,2046.24,2022.16,2040.59,661763816
03/18/2016,2041.16,2052.36,2041.16,2049.58,669416338
03/21/2016,2047.88,2053.91,2043.14,2051.6,535577137
03/22/2016,2048.64,2056.6,2040.57,2049.8,555485645
03/23/2016,2048.55,2048.55,2034.86,2036.71,542134056
03/24/2016,2032.48,2036.04,2022.49,2035.94,600131213
03/28/2016,2037.89,2042.67,2031.96,2037.05,460627846
03/29/2016,2035.75,2055.91,2028.31,2055.01,571883048
03/30/2016,2058.27,2072.21,2058.27,2063.95,511410521
03/31/2016,2063.77,2067.92,2057.46,2059.74,636510226
04/01/2016,2056.62,2075.07,2043.98,2072.78,655021615
04/04/2016,2073.19,2074.02,2062.57,2066.13,532705295
04/05/2016,2062.5,2062.5,2042.56,2045.17,666163177
04/06/2016,2045.56,2067.33,2043.09,2066.66,581198920
04/07/2016,2063.01,2063.01,2033.8,2041.91,618277738
04/08/2016,2045.54,2060.63,2041.69,2047.6,534860062
04/11/2016,2050.23,2062.93,2041.88,2041.99,586554903
04/12/2016,2043.72,2065.05,2039.74,2061.72,590857575
04/13/2016,2065.92,2083.18,2065.92,2082.42,630914475
04/14/2016,2082.89,2087.84,2078.13,2082.78,563108643
04/15/2016,2083.1,2083.22,2076.31,2080.73,693554004
04/18/2016,2078.83,2094.66,2073.65,2094.34,547244884
04/19/2016,2096.05,2104.05,2091.68,2100.8,590323888
04/20/2016,2101.52,2111.05,2096.32,2102.4,604654546
04/21/2016,2102.09,2103.78,2088.52,2091.48,651246160
04/22/2016,2091.49,2094.32,2081.2,2091.58,705983995
04/25/2016,2089.37,2089.37,2077.52,2087.79,544779102
04/26/2016,2089.84,2096.87,2085.8,2091.7,598555074
04/27/2016,2092.33,2099.89,2082.31,2095.15,672757652
04/28/2016,2090.93,2099.3,2071.62,2075.81,689220607
04/29/2016,2071.82,2073.85,2052.28,2065.3,887327440
05/02/2016,2067.17,2083.42,2066.11,2081.43,604121364
05/03/2016,2077.18,2077.18,2054.89,2063.37,635557393
05/04/2016,2060.3,2060.3,2045.55,2051.12,626804080
05/05/2016,2052.95,2060.23,2045.77,2050.63,596257671
05/06/2016,2047.77,2057.72,2039.45,2057.14,588441649
05/09/2016,2057.55,2064.15,2054.31,2058.69,557448620
05/10/2016,2062.63,2084.87,2062.63,2084.39,520435759
05/11/2016,2083.29,2083.29,2064.46,2064.46,580139895
05/12/2016,2067.17,2073.99,2053.13,2064.11,588564913
05/13/2016,2062.5,2066.79,2043.13,2046.61,567482287
05/16/2016,2046.53,2071.88,2046.53,2066.66,567330467
05/17/2016,2065.04,2065.69,2040.82,2047.21,686681048
05/18/2016,2044.38,2060.61,2034.49,2047.63,558156815
05/19/2016,2044.21,2044.21,2025.91,2040.04,589913028
05/20/2016,2041.88,2058.35,2041.88,2052.32,697842193
05/23/2016,2052.23,2055.58,2047.26,2048.04,524841588
05/24/2016,2052.65,2079.67,2052.65,2076.06,557588563
05/25/2016,2078.93,2094.73,2078.93,2090.54,561669919
05/26/2016,2091.44,2094.3,2087.08,2090.1,474138505
05/27/2016,2090.06,2099.06,2090.06,2099.06,508493212
05/31/2016,2100.13,2103.48,2088.66,2096.96,904459880
06/01/2016,2093.94,2100.97,2085.1,2099.33,556851611
06/02/2016,2097.71,2105.26,2088.59,2105.26,628062808
06/03/2016,2104.07,2104.07,2085.36,2099.13,568033907
06/06/2016,2100.83,2113.36,2100.83,2109.41,532939655
06/07/2016,2110.18,2119.22,2110.18,2112.13,536131780
06/08/2016,2112.71,2120.55,2112.71,2119.12,496867839
06/09/2016,2115.65,2117.64,2107.73,2115.48,482637627
06/10/2016,2109.57,2109.57,2089.96,2096.07,552199108
06/13/2016,2091.75,2098.12,2078.46,2079.06,564040789
06/14/2016,2076.65,2081.3,2064.1,2075.32,576788895
06/15/2016,2077.6,2085.65,2069.8,2071.5,575938354
06/16/2016,2066.36,2079.62,2050.37,2077.99,552019076
06/17/2016,2078.2,2078.2,2062.84,2071.22,227609273
06/20/2016,2075.58,2100.66,2075.58,2083.25,598150842
06/21/2016,2085.19,2093.66,2083.02,2088.9,537088649
06/22/2016,2089.75,2099.71,2084.36,2085.45,519438852
06/23/2016,2092.8,2113.32,2092.8,2113.32,525308203
06/24/2016,2103.81,2103.81,2032.57,2037.41,330155996
06/27/2016,2031.45,2031.45,1991.68,2000.54,882683687
06/28/2016,2006.67,2036.09,2006.67,2036.09,718967504
06/29/2016,2042.69,2073.13,2042.69,2070.77,691858050
06/30/2016,2073.17,2098.94,2070.0,2098.86,892556858
07/01/2016,2099.34,2108.71,2097.9,2102.95,551736343
07/05/2016,2095.05,2095.05,2080.86,2088.55,650706103
07/06/2016,2084.43,2100.72,2074.02,2099.73,649649070
07/07/2016,2100.42,2109.08,2089.39,2097.9,546432231
07/08/2016,2106.97,2131.71,2106.97,2129.9,597242128
07/11/2016,2131.72,2143.16,2131.72,2137.16,514370297
07/12/2016,2139.5,2155.4,2139.5,2152.14,599252738
07/13/2016,2153.81,2156.45,2146.21,2152.43,514541411
07/14/2016,2157.88,2168.99,2157.88,2163.75,530310298
07/15/2016,2165.13,2169.05,2155.79,2161.74,643101106
07/18/2016,2162.04,2168.35,2159.63,2166.89,478404253
07/19/2016,2163.79,2164.63,2159.01,2163.78,516605607
07/20/2016,2166.1,2175.63,2164.89,2173.02,500205767
07/21/2016,2172.91,2174.56,2159.75,2165.17,559292869
07/22/2016,2166.47,2175.11,2163.24,2175.03,525935607
07/25/2016,2173.71,2173.71,2161.95,2168.48,511374042
07/26/2016,2168.97,2173.54,2160.18,2169.18,537572545
07/27/2016,2169.81,2174.98,2159.07,2166.58,661630367
07/28/2016,2166.05,2172.85,2159.74,2170.06,564543919
07/29/2016,2168.83,2177.09,2163.49,2173.6,787086996
08/01/2016,2173.15,2178.29,2166.21,2170.84,543777140
08/02/2016,2169.94,2170.2,2147.58,2157.03,619382235
08/03/2016,2156.81,2163.79,2152.56,2163.79,542285389
08/04/2016,2163.51,2168.19,2159.07,2164.25,492388664
08/05/2016,2168.79,2182.87,2168.79,2182.87,569849800
08/08/2016,2183.76,2185.44,2177.85,2180.89,486958977
08/09/2016,2182.24,2187.66,2178.61,2181.74,427986401
08/10/2016,2182.81,2183.41,2172.0,2175.49,439573433
08/11/2016,2177.97,2188.45,2177.97,2185.79,464458711
08/12/2016,2183.74,2186.28,2179.42,2184.05,432156303
08/15/2016,2186.08,2193.81,2186.08,2190.15,441305055
08/16/2016,2186.24,2186.24,2178.14,2178.15,484439239
08/17/2016,2177.84,2183.08,2168.5,2182.22,499856353
08/18/2016,2181.9,2187.03,2180.46,2187.02,510514826
08/19/2016,2184.24,2185.0,2175.13,2183.87,580186480
08/22/2016,2181.58,2185.15,2175.96,2182.64,463033593
08/23/2016,2187.81,2193.42,2186.8,2186.9,466736625
08/24/2016,2185.09,2186.66,2171.25,2175.44,472264903
08/25/2016,2173.29,2179.0,2169.74,2172.47,459398340
08/26/2016,2175.1,2187.94,2160.39,2169.04,494425690
08/29/2016,2170.19,2183.48,2170.19,2180.38,434407871
08/30/2016,2179.45,2182.27,2170.41,2176.12,470170318
08/31/2016,2173.56,2173.79,2161.35,2170.95,659162199
09/01/2016,2171.33,2173.56,2157.09,2170.86,507264056
09/02/2016,2177.49,2184.87,2173.59,2179.98,491982133
09/06/2016,2181.61,2186.57,2175.1,2186.48,569188047
09/07/2016,2185.17,2187.87,2179.07,2186.16,511720244
09/08/2016,2182.76,2184.94,2177.49,2181.3,530082582
09/09/2016,2169.08,2169.08,2127.81,2127.81,733227083
09/12/2016,2120.86,2163.3,2119.12,2159.04,678673914
09/13/2016,2150.47,2150.47,2120.27,2127.02,671922252
09/14/2016,2127.86,2141.33,2119.9,2125.77,613057415
09/15/2016,2125.36,2151.31,2122.36,2147.26,582039878
09/16/2016,2146.48,2146.48,2131.2,2139.16,400617912
09/19/2016,2143.99,2153.61,2135.91,2139.12,513135966
09/20/2016,2145.94,2150.8,2139.17,2139.76,484990399
09/21/2016,2144.58,2165.11,2139.57,2163.12,584045429
09/22/2016,2170.94,2179.99,2170.94,2177.18,521694980
09/23/2016,2173.29,2173.75,2163.97,2164.69,520708916
09/26/2016,2158.54,2158.54,2145.04,2146.1,517726610
09/27/2016,2146.04,2161.13,2141.55,2159.93,534092546
09/28/2016,2161.85,2172.4,2151.79,2171.37,558057164
09/29/2016,2168.9,2172.67,2145.2,2151.13,616762353
09/30/2016,2156.51,2175.3,2156.51,2168.27,809085274
10/03/2016,2164.33,2164.41,2154.77,2161.2,514417686
10/04/2016,2163.37,2165.46,2144.01,2150.49,562930985
10/05/2016,2155.15,2163.95,2155.15,2159.73,599657716
10/06/2016,2158.22,2162.93,2150.28,2160.77,517703265
10/07/2016,2164.19,2165.86,2144.85,2153.74,620211022
10/10/2016,2160.39,2169.6,2160.39,2163.66,452832485
10/11/2016,2161.35,2161.56,2128.84,2136.73,576873524
10/12/2016,2137.67,2145.36,2132.77,2139.18,458983794
10/13/2016,2130.26,2138.19,2114.72,2132.55,561305794
10/14/2016,2139.68,2149.19,2132.98,2132.98,548993154
10/17/2016,2132.95,2135.61,2124.43,2126.5,479259921
10/18/2016,2138.31,2144.38,2135.49,2139.6,475279452
10/19/2016,2140.81,2148.44,2138.15,2144.29,544371390
10/20/2016,2142.51,2147.18,2133.44,2141.34,571361511
10/21/2016,2139.43,2142.63,2130.09,2141.16,654860857
10/24/2016,2148.5,2154.79,2146.91,2151.33,523564705
10/25/2016,2149.72,2151.44,2141.93,2143.16,530792143
10/26/2016,2136.97,2145.73,2131.59,2139.43,562087522
10/27/2016,2144.06,2147.13,2132.52,2133.04,614708800
10/28/2016,2132.23,2140.72,2119.36,2126.41,641367743
10/31/2016,2129.78,2133.25,2125.53,2126.15,673263488
11/01/2016,2128.68,2131.45,2097.85,2111.72,712604519
11/02/2016,2109.43,2111.76,2094.0,2097.94,641501340
11/03/2016,2098.8,2102.56,2085.23,2088.66,593008290
11/04/2016,2083.79,2099.07,2083.79,2085.18,624672107
11/07/2016,2100.59,2132.0,2100.59,2131.52,608621001
11/08/2016,2129.92,2146.87,2123.56,2139.56,556634318
11/09/2016,2131.56,2170.1,2125.35,2163.26,992770441
11/10/2016,2167.49,2182.3,2151.17,2167.48,997868105
11/11/2016,2162.71,2165.92,2152.49,2164.45,734601661
11/14/2016,2165.64,2171.36,2156.08,2164.2,798242148
11/15/2016,2168.29,2180.84,2166.38,2180.39,683976715
11/16/2016,2177.53,2179.22,2172.2,2176.94,569327906
11/17/2016,2178.61,2188.06,2176.65,2187.12,569018109
11/18/2016,2186.85,2189.89,2180.38,2181.9,670518317
11/21/2016,2186.43,2198.7,2186.43,2198.18,571010395
11/22/2016,2201.56,2204.8,2194.51,2202.94,593601222
11/23/2016,2198.55,2204.72,2194.51,2204.72,523778550
11/25/2016,2206.27,2213.35,2206.27,2213.35,261974388
11/28/2016,2210.21,2211.14,2200.36,2201.72,562045555
11/29/2016,2200.76,2210.46,2198.15,2204.66,578283446
11/30/2016,2204.97,2214.1,2198.81,2198.81,1055352593
12/01/2016,2200.17,2202.6,2187.44,2191.08,742047822
12/02/2016,2191.12,2197.95,2188.37,2191.95,587431425
12/05/2016,2200.65,2209.42,2199.97,2204.71,2353018266
12/06/2016,2207.26,2212.78,2202.21,2212.23,2170130802
12/07/2016,2210.72,2241.63,2208.93,2241.35,2734847977
12/08/2016,2241.13,2251.69,2237.57,2246.19,2436820226
12/09/2016,2249.73,2259.8,2249.23,2259.53,2200678359
12/12/2016,2258.83,2264.03,2252.37,2256.96,2358393197
12/13/2016,2263.32,2277.53,2263.32,2271.72,2311255270
12/14/2016,2268.35,2276.2,2248.44,2253.28,2660459785
12/15/2016,2253.77,2272.12,2253.77,2262.03,2428153807
12/16/2016,2266.81,2268.05,2254.24,2258.07,3710588961
12/19/2016,2259.24,2267.47,2258.21,2262.53,782039600
12/20/2016,2266.5,2272.56,2266.14,2270.76,724056775
12/21/2016,2270.54,2271.23,2265.15,2265.18,511345709
12/22/2016,2262.93,2263.18,2256.08,2260.96,639919664
12/23/2016,2260.25,2263.79,2258.84,2263.79,8325217
12/27/2016,2266.23,2273.82,2266.15,2268.88,17232932
12/28/2016,2270.23,2271.31,2249.11,2249.92,269786637
12/29/2016,2249.5,2254.51,2244.56,2249.26,191088490
12/30/2016,2251.61,2253.58,2233.62,2238.83,506853466
01/03/2017,2251.57,2263.88,2245.13,2257.83,2318947704
01/04/2017,2261.6,2272.82,2261.6,2270.75,1023618459
01/05/2017,2268.18,2271.5,2260.45,2269.0,2187189991
01/06/2017,2271.14,2282.1,2264.06,2276.98,883439317
01/09/2017,2273.59,2275.49,2268.9,2268.9,840910697
01/10/2017,2269.72,2279.27,2265.27,2268.9,1064282732
01/11/2017,2268.6,2275.32,2260.83,2275.32,1044548052
01/12/2017,2271.14,2271.78,2254.25,2270.44,863643316
01/13/2017,2272.74,2278.68,2271.51,2274.64,707256094
01/17/2017,2269.14,2272.08,2262.81,2267.89,2147375749
01/18/2017,2269.14,2272.01,2263.35,2271.89,924902096
01/19/2017,2271.9,2274.33,2258.41,2263.69,967540951
01/20/2017,2269.96,2276.96,2265.01,2271.31,2311814000
01/23/2017,2267.78,2271.78,2257.02,2265.2,916810570
01/24/2017,2267.88,2284.63,2266.68,2280.07,2147415305
01/25/2017,2288.88,2299.55,2288.88,2298.37,2461512000
01/26/2017,2298.63,2300.99,2294.08,2296.68,2333681818
01/27/2017,2299.02,2299.02,2291.62,2294.69,925519279
01/30/2017,2286.01,2286.01,2268.04,2280.9,1034342001
01/31/2017,2274.02,2279.09,2267.21,2278.87,2555320206
02/01/2017,2285.59,2289.14,2272.44,2279.55,2478979663
02/02/2017,2276.69,2283.97,2271.65,2280.85,2321960100
02/03/2017,2288.54,2298.31,2287.88,2297.42,2208634271
02/06/2017,2294.28,2296.18,2288.57,2292.56,828798658
02/07/2017,2295.87,2299.4,2290.16,2293.08,1005424404
02/08/2017,2289.55,2295.91,2285.38,2294.67,1039738102
02/09/2017,2296.7,2311.08,2296.61,2307.87,1044822284
02/10/2017,2312.27,2319.23,2311.1,2316.1,993382797
02/13/2017,2321.72,2331.58,2321.42,2328.25,884994768
02/14/2017,2326.12,2337.58,2322.17,2337.58,2163161000
02/15/2017,2335.58,2351.3,2334.81,2349.25,2251620057
02/16/2017,2349.64,2351.31,2338.87,2347.22,1012302953
02/17/2017,2343.01,2351.16,2339.58,2351.16,1045689889
02/21/2017,2354.91,2366.71,2354.91,2365.38,1034890289
02/22/2017,2361.11,2365.13,2358.34,2362.82,880108485
02/23/2017,2367.5,2368.26,2355.09,2363.81,2200797996
02/24/2017,2355.73,2367.34,2352.87,2367.34,2190395580
02/27/2017,2365.23,2371.54,2361.87,2369.75,807561788
02/28/2017,2366.08,2367.79,2358.96,2363.64,2538169000
03/01/2017,2380.13,2400.98,2380.13,2395.96,2575918105
03/02/2017,2394.75,2394.75,2380.17,2381.92,1046806171
03/03/2017,2380.92,2383.89,2375.39,2383.12,759171544
03/06/2017,2375.23,2378.8,2367.98,2375.31,815247188
03/07/2017,2370.74,2375.12,2365.51,2368.39,839221691
03/08/2017,2369.81,2373.09,2361.01,2362.98,1011764443
03/09/2017,2363.49,2369.08,2354.54,2364.87,945423548
03/10/2017,2372.52,2376.86,2363.04,2372.6,944187975
03/13/2017,2371.56,2374.42,2368.52,2373.47,748522349
03/14/2017,2368.55,2368.55,2358.18,2365.45,611348401
03/15/2017,2370.34,2390.01,2368.94,2385.26,1051135929
03/16/2017,2387.71,2388.1,2377.18,2381.38,804297342
03/17/2017,2383.71,2385.71,2377.64,2378.25,3398204726
03/20/2017,2378.24,2379.55,2369.66,2373.47,748721673
03/21/2017,2379.32,2381.93,2341.9,2344.02,2637087666
03/22/2017,2343.0,2351.81,2336.45,2348.45,1064812901
03/23/2017,2345.97,2358.92,2342.13,2345.96,844974813
03/24/2017,2350.42,2356.22,2335.74,2343.98,846511854
03/27/2017,2329.11,2344.9,2322.25,2341.59,858018011
03/28/2017,2339.79,2363.78,2337.63,2358.57,877571724
03/29/2017,2356.54,2363.36,2352.94,2361.13,660401033
03/30/2017,2361.31,2370.42,2358.58,2368.06,775154439
03/31/2017,2364.82,2370.35,2362.6,2362.72,923302112
04/03/2017,2362.34,2365.87,2344.73,2358.84,2182258164
04/04/2017,2354.76,2360.53,2350.72,2360.16,746663640
04/05/2017,2366.59,2378.36,2350.52,2352.95,1031056095
04/06/2017,2353.79,2364.16,2348.9,2357.49,863231831
04/07/2017,2356.59,2363.76,2350.74,2355.54,656990521
04/10/2017,2357.16,2366.37,2351.5,2357.16,546587089
04/11/2017,2353.92,2355.22,2337.25,2353.78,743787790
04/12/2017,2352.15,2352.72,2341.18,2344.93,824168461
04/13/2017,2341.98,2348.26,2328.95,2328.95,691005538
04/17/2017,2332.62,2349.14,2332.51,2349.01,552521898
04/18/2017,2342.53,2348.35,2334.54,2342.19,829728921
04/19/2017,2346.79,2352.63,2335.05,2338.17,873090926
04/20/2017,2342.69,2361.37,2340.91,2355.84,1015974407
04/21/2017,2354.74,2356.18,2344.51,2348.69,2071759000
04/24/2017,2370.33,2376.98,2369.19,2374.15,2248662130
04/25/2017,2381.51,2392.48,2381.15,2388.61,2304916837
04/26/2017,2388.98,2398.16,2386.76,2387.45,2223615893
04/27/2017,2389.7,2392.1,2382.68,2388.77,2205559179
04/28/2017,2393.68,2393.68,2382.36,2384.2,2239464723
05/01/2017,2388.5,2394.49,2384.83,2388.33,819261658
05/02/2017,2391.05,2392.93,2385.82,2391.17,2371688652
05/03/2017,2386.5,2389.82,2379.75,2388.13,2270224276
05/04/2017,2389.79,2391.43,2380.35,2389.52,2236620277
05/05/2017,2392.37,2399.29,2389.38,2399.29,750048053
05/08/2017,2399.94,2401.36,2393.92,2399.38,1845375125
05/09/2017,2401.58,2403.87,2392.44,2396.92,1855962757
05/10/2017,2396.79,2399.74,2392.79,2399.63,1985193441
05/11/2017,2394.84,2395.72,2381.74,2394.44,2024699568
05/12/2017,2392.44,2392.44,2387.19,2390.9,1786639028
05/15/2017,2393.98,2404.05,2393.94,2402.32,1896371278
05/16/2017,2404.55,2405.77,2396.05,2400.67,2039120191
05/17/2017,2382.95,2384.87,2356.21,2357.03,2717638993
05/18/2017,2354.69,2375.74,2352.72,2365.72,2308543266
05/19/2017,2371.37,2389.06,2370.43,2381.73,2249727653
05/22/2017,2387.21,2395.46,2386.92,2394.02,1858438550
05/23/2017,2397.04,2400.85,2393.88,2398.42,1770956038
05/24/2017,2401.41,2405.58,2397.99,2404.39,1797590258
05/25/2017,2409.54,2418.71,2408.01,2415.07,2010590494
05/26/2017,2414.5,2416.68,2412.2,2415.82,1524512471
05/30/2017,2411.67,2415.26,2409.43,2412.91,1776698945
05/31/2017,2415.63,2415.99,2403.59,2411.8,2610801638
06/01/2017,2415.65,2430.06,2413.54,2430.06,2156064796
06/02/2017,2431.28,2440.23,2427.71,2439.07,2017388178
06/05/2017,2437.83,2439.55,2434.32,2436.1,1742362529
06/06/2017,2431.92,2436.21,2428.12,2429.33,1972388344
06/07/2017,2432.03,2435.28,2424.75,2433.14,2087405916
06/08/2017,2434.27,2439.27,2427.94,2433.79,2247662987
06/09/2017,2436.39,2446.2,2415.7,2431.77,2624857734
06/12/2017,2425.88,2430.38,2419.97,2429.39,2715835496
06/13/2017,2434.15,2441.49,2431.28,2440.35,2078679924
06/14/2017,2443.75,2443.75,2428.34,2437.92,2077560864
06/15/2017,2424.14,2433.95,2418.53,2432.46,2056413023
06/16/2017,2431.24,2433.15,2422.88,2433.15,3474905593
06/19/2017,2442.55,2453.82,2441.79,2453.46,1881642580
06/20/2017,2450.66,2450.66,2436.6,2437.03,1981272777
06/21/2017,2439.31,2442.23,2430.74,2435.61,2194972916
06/22/2017,2437.4,2441.62,2433.27,2434.5,1975028145
06/23/2017,2434.65,2441.4,2431.11,2438.3,2954290817
06/26/2017,2443.32,2450.42,2437.03,2439.07,1807411392
06/27/2017,2436.34,2440.15,2419.38,2419.38,2029472171
06/28/2017,2428.7,2442.97,2428.02,2440.69,1978838398
06/29/2017,2442.38,2442.73,2405.7,2419.7,2437153407
06/30/2017,2429.2,2432.71,2421.65,2423.41,2068473232
07/03/2017,2431.39,2439.17,2428.69,2429.01,1196618815
07/05/2017,2430.78,2434.9,2422.05,2432.54,2001771783
07/06/2017,2423.44,2424.28,2407.7,2409.75,2021300572
07/07/2017,2413.52,2426.92,2413.52,2425.18,1668167766
07/10/2017,2424.51,2432.0,2422.27,2427.43,1767990685
07/11/2017,2427.35,2429.3,2412.79,2425.53,1732498090
07/12/2017,2435.75,2445.76,2435.75,2443.25,1856436041
07/13/2017,2444.99,2449.32,2441.69,2447.83,1845640421
07/14/2017,2449.16,2463.54,2446.69,2459.27,1667639471
07/17/2017,2459.5,2462.82,2457.16,2459.14,1655943312
07/18/2017,2455.88,2460.92,2450.34,2460.61,1750952401
07/19/2017,2463.85,2473.83,2463.85,2473.83,1849694295
07/20/2017,2475.56,2477.62,2468.43,2473.45,1993809051
07/21/2017,2467.4,2472.54,2465.06,2472.54,1946504700
07/24/2017,2472.04,2473.1,2466.32,2469.91,1943950654
07/25/2017,2477.88,2481.24,2474.91,2477.13,2373901996
07/26/2017,2479.97,2481.69,2474.94,2477.83,2261843215
07/27/2017,2482.76,2484.04,2459.93,2475.42,2677231030
07/28/2017,2469.12,2473.53,2464.66,2472.1,2043353625
07/31/2017,2475.94,2477.96,2468.53,2470.3,2189633778
08/01/2017,2477.1,2478.51,2471.14,2476.35,2076284140
08/02/2017,2480.38,2480.38,2466.48,2477.57,2125483668
08/03/2017,2476.03,2476.03,2468.85,2472.16,2039487376
08/04/2017,2476.88,2480.0,2472.08,2476.83,1869113813
08/07/2017,2477.14,2480.95,2475.88,2480.91,1639568452
08/08/2017,2478.35,2490.87,2470.32,2474.92,1826290700
08/09/2017,2465.35,2474.41,2462.08,2474.02,1821056073
08/10/2017,2465.38,2465.38,2437.75,2438.21,2079314829
08/11/2017,2441.04,2448.09,2437.85,2441.32,1659262568
08/14/2017,2454.96,2468.22,2454.96,2465.84,1586223587
08/15/2017,2468.66,2468.9,2461.61,2464.61,1689633539
08/16/2017,2468.63,2474.93,2463.86,2468.11,1686069913
08/17/2017,2462.95,2465.02,2430.01,2430.01,1929351131
08/18/2017,2427.64,2440.27,2420.69,2425.55,1962081325
08/21/2017,2425.5,2430.58,2417.35,2428.37,1635773789
08/22/2017,2433.75,2454.77,2433.67,2452.51,1588713900
08/23/2017,2444.88,2448.91,2441.42,2444.04,1583454204
08/24/2017,2447.91,2450.39,2436.19,2438.97,1678956575
08/25/2017,2444.72,2453.96,2442.22,2443.05,1500901045
08/28/2017,2447.35,2449.12,2439.03,2444.24,1466541776
08/29/2017,2431.94,2449.19,2428.2,2446.3,1503811225
08/30/2017,2446.06,2460.31,2443.77,2457.59,1552245818
08/31/2017,2462.65,2475.01,2462.65,2471.65,2076949466
09/01/2017,2474.42,2480.38,2473.85,2476.55,1581548754
09/05/2017,2470.35,2471.97,2446.55,2457.85,2114362534
09/06/2017,2463.83,2469.64,2459.2,2465.54,2049759055
09/07/2017,2468.06,2468.62,2460.29,2465.1,2097113822
09/08/2017,2462.25,2467.11,2459.4,2461.43,2003871859
09/11/2017,2474.52,2488.95,2474.52,2488.11,1933077168
09/12/2017,2491.94,2496.77,2490.37,2496.48,1937393633
09/13/2017,2493.89,2498.37,2492.14,2498.37,1897322876
09/14/2017,2494.56,2498.43,2491.35,2495.62,1916765069
09/15/2017,2495.67,2500.23,2493.16,2500.23,3038855557
09/18/2017,2502.51,2508.32,2499.92,2503.87,1922720626
09/19/2017,2506.29,2507.84,2503.19,2506.65,1920071498
09/20/2017,2506.84,2508.85,2496.67,2508.24,2066413790
09/21/2017,2507.16,2507.16,2499.0,2500.6,1811929140
09/22/2017,2497.26,2503.47,2496.54,2502.22,1672336528
09/25/2017,2499.39,2502.54,2488.03,2496.66,2033920239
09/26/2017,2501.04,2503.51,2495.12,2496.84,1822049412
09/27/2017,2503.3,2511.75,2495.91,2507.04,2035326226
09/28/2017,2503.41,2510.81,2502.93,2510.06,1782169892
09/29/2017,2509.96,2519.44,2507.99,2519.36,1809911727
10/02/2017,2521.2,2529.23,2520.4,2529.12,1856378178
10/03/2017,2530.34,2535.13,2528.85,2534.58,1737511465
10/04/2017,2533.48,2540.53,2531.8,2537.74,1699097628
10/05/2017,2540.86,2552.51,2540.02,2552.07,1729395633
10/06/2017,2547.44,2549.41,2543.79,2549.33,1642294243
10/09/2017,2551.39,2551.82,2541.6,2544.73,1505566193
10/10/2017,2549.99,2555.23,2544.86,2550.64,1728125186
10/11/2017,2550.62,2555.24,2547.95,2555.24,1817197873
10/12/2017,2552.88,2555.33,2548.31,2550.93,2056842010
10/13/2017,2555.66,2557.65,2552.09,2553.17,1893931188
10/16/2017,2555.57,2559.47,2552.64,2557.64,1736356208
10/17/2017,2557.17,2559.71,2554.69,2559.36,1783193250
10/18/2017,2562.87,2564.11,2559.67,2561.26,1793321507
10/19/2017,2553.39,2562.36,2547.92,2562.1,1896003483
10/20/2017,2567.56,2575.44,2567.56,2575.21,2151131031
10/23/2017,2578.08,2578.29,2564.33,2564.98,2043652245
10/24/2017,2568.66,2572.18,2565.58,2569.13,2163380117
10/25/2017,2566.52,2567.4,2544.0,2557.15,2467911707
10/26/2017,2560.08,2567.07,2559.8,2560.4,2300758801
10/27/2017,2570.26,2582.98,2565.94,2581.07,2620458661
10/30/2017,2577.75,2580.03,2568.25,2572.83,2274922830
10/31/2017,2575.99,2578.29,2572.15,2575.26,2301425471
11/01/2017,2583.21,2588.4,2574.92,2579.36,2210945339
11/02/2017,2579.46,2581.11,2566.17,2579.85,2416738244
11/03/2017,2581.93,2588.42,2576.77,2587.84,2052553436
11/06/2017,2587.47,2593.38,2585.66,2591.13,2116417416
11/07/2017,2592.11,2597.02,2584.35,2590.64,2089736584
11/08/2017,2588.71,2595.47,2585.02,2594.38,2092332809
11/09/2017,2584.0,2586.5,2566.33,2584.62,2233489307
11/10/2017,2580.18,2583.81,2575.57,2582.3,2045161765
11/13/2017,2576.53,2587.66,2574.48,2584.84,2099115488
11/14/2017,2577.75,2579.66,2566.56,2578.87,2207475785
11/15/2017,2569.45,2572.84,2557.45,2564.62,2090801481
11/16/2017,2572.95,2590.09,2572.95,2585.64,2046697246
11/17/2017,2582.94,2583.96,2577.62,2578.85,2088322363
11/20/2017,2579.49,2584.64,2578.24,2582.14,1786156942
11/21/2017,2589.17,2601.19,2589.17,2599.03,1920976946
11/22/2017,2600.31,2600.94,2595.23,2597.08,1596057282
11/24/2017,2600.42,2604.21,2600.42,2602.42,728273120
11/27/2017,2602.66,2606.41,2598.87,2601.42,1728809902
11/28/2017,2605.94,2627.69,2605.44,2627.04,2068827193
11/29/2017,2627.82,2634.89,2620.32,2626.07,2671027931
11/30/2017,2633.93,2657.74,2633.93,2647.58,3122108556
12/01/2017,2645.1,2650.62,2605.52,2642.22,2497628661
12/04/2017,2657.19,2665.19,2639.03,2639.44,2795997614
12/05/2017,2639.78,2648.72,2627.73,2629.57,2274451411
12/06/2017,2626.24,2634.41,2624.75,2629.27,1926061906
12/07/2017,2628.38,2640.99,2626.53,2636.98,1977524079
12/08/2017,2646.21,2651.65,2644.1,2651.5,1843451003
12/11/2017,2652.19,2660.33,2651.47,2659.99,1811178474
12/12/2017,2661.73,2669.72,2659.78,2664.11,2021583257
12/13/2017,2667.59,2671.88,2662.85,2662.85,2001774693
12/14/2017,2665.87,2668.09,2652.01,2652.01,1997408360
12/15/2017,2660.63,2679.63,2659.14,2675.81,3745745599
12/18/2017,2685.92,2694.97,2685.92,2690.16,2173508052
12/19/2017,2692.71,2694.44,2680.74,2681.47,1951683145
12/20/2017,2688.18,2691.01,2676.11,2679.25,1965565010
12/21/2017,2683.02,2692.64,2682.4,2684.57,1948410028
12/22/2017,2684.22,2685.35,2678.13,2683.34,1426879392
12/26/2017,2679.09,2682.74,2677.96,2680.5,1100330515
12/27/2017,2682.1,2685.64,2678.91,2682.62,1187070868
12/28/2017,2686.1,2687.66,2682.69,2687.54,1131233959
12/29/2017,2689.15,2692.12,2673.61,2673.61,1354524997
01/02/2018,2683.73,2695.89,2682.36,2695.81,1892676821
01/03/2018,2697.85,2714.37,2697.77,2713.06,2247360842
01/04/2018,2719.31,2729.29,2719.07,2723.99,2209734660
01/05/2018,2731.33,2743.45,2727.92,2743.15,1998927821
01/08/2018,2742.67,2748.51,2737.6,2747.71,1965531285
01/09/2018,2751.15,2759.14,2747.86,2751.29,2022846957
01/10/2018,2745.55,2750.8,2736.06,2748.23,2091186564
01/11/2018,2752.97,2767.56,2752.78,2767.56,1975974166
01/12/2018,2770.18,2787.85,2769.64,2786.24,2129410147
01/16/2018,2798.96,2807.54,2768.64,2776.42,2600258928
01/17/2018,2784.99,2807.04,2778.38,2802.56,2419144959
01/18/2018,2802.4,2805.83,2792.56,2798.03,2307360399
01/19/2018,2802.6,2810.33,2798.08,2810.3,2440064591
01/22/2018,2809.16,2833.03,2808.12,2832.97,2162473890
01/23/2018,2835.05,2842.24,2830.59,2839.13,2168016076
01/24/2018,2845.42,2852.97,2824.81,2837.54,2447566185
01/25/2018,2846.24,2848.56,2830.94,2839.25,2317282272
01/26/2018,2847.48,2872.87,2846.18,2872.87,2215919470
01/29/2018,2867.23,2870.62,2851.48,2853.53,2175684056
01/30/2018,2832.74,2837.75,2818.27,2822.43,2405602352
01/31/2018,2832.41,2839.26,2813.04,2823.81,2823741643
02/01/2018,2816.45,2835.96,2812.7,2821.98,2466173553
02/02/2018,2808.92,2808.92,2759.97,2762.13,2721617693
02/05/2018,2741.06,2763.39,2638.17,2648.94,3544117631
02/06/2018,2614.78,2701.04,2593.07,2695.14,4024143782
02/07/2018,2690.95,2727.67,2681.33,2681.66,2838299340
02/08/2018,2685.01,2685.27,2580.56,2581.0,3249463483
02/09/2018,2601.78,2638.67,2532.69,2619.55,3731314758
02/12/2018,2636.75,2672.61,2622.45,2656.0,2679600258
02/13/2018,2646.27,2668.84,2637.08,2662.94,2093173107
02/14/2018,2651.21,2702.1,2648.87,2698.63,2420069523
02/15/2018,2713.46,2731.51,2689.82,2731.2,2296146111
02/16/2018,2727.14,2754.42,2725.11,2732.22,2214918724
02/20/2018,2722.99,2737.6,2706.76,2716.26,2135921507
02/21/2018,2720.53,2747.75,2701.29,2701.33,2221587843
02/22/2018,2710.42,2731.26,2697.77,2703.96,2099630393
02/23/2018,2715.8,2747.76,2713.74,2747.3,1869037502
02/26/2018,2757.37,2780.64,2753.78,2779.6,2112406595
02/27/2018,2780.45,2789.15,2744.22,2744.28,2357084280
02/28/2018,2753.78,2761.52,2713.54,2713.83,2606285720
03/01/2018,2715.22,2730.89,2659.65,2677.67,2790764003
03/02/2018,2658.89,2696.25,2647.32,2691.25,2445883838
03/05/2018,2681.06,2728.09,2675.75,2720.94,2341946665
03/06/2018,2730.18,2732.08,2711.26,2728.12,2080635491
03/07/2018,2710.18,2730.6,2701.74,2726.8,2204997482
03/08/2018,2732.75,2740.45,2722.65,2738.97,2047404579
03/09/2018,2752.91,2786.57,2751.54,2786.57,2195651356
03/12/2018,2790.54,2796.98,2779.26,2783.02,2157969175
03/13/2018,2792.31,2801.9,2758.68,2765.31,2353889418
03/14/2018,2774.06,2777.11,2744.38,2749.48,2179975826
03/15/2018,2754.27,2763.03,2741.47,2747.33,1998737404
03/16/2018,2750.57,2761.85,2749.97,2752.01,3459192718
03/19/2018,2741.38,2741.38,2694.59,2712.92,2191394840
03/20/2018,2715.05,2724.22,2710.05,2716.94,2088202415
03/21/2018,2714.99,2739.14,2709.79,2711.93,2074883961
03/22/2018,2691.36,2695.68,2641.59,2643.69,2492921032
03/23/2018,2646.71,2657.67,2585.89,2588.26,2558217934
03/26/2018,2619.35,2661.36,2601.81,2658.55,2434497989
03/27/2018,2667.57,2674.78,2596.12,2612.62,2501316081
03/28/2018,2611.3,2632.65,2593.06,2605.0,2574191549
03/29/2018,2614.41,2659.07,2609.72,2640.87,2348028811
04/02/2018,2633.45,2638.3,2553.8,2581.88,2468994069
04/03/2018,2592.17,2619.14,2575.49,2614.45,2169555248
04/04/2018,2584.04,2649.86,2573.61,2644.69,2220731180
04/05/2018,2657.36,2672.08,2649.58,2662.84,2008036352
04/06/2018,2645.82,2656.88,2586.27,2604.47,2187111865
04/09/2018,2617.18,2653.55,2610.79,2613.16,1923050595
04/10/2018,2638.41,2665.45,2635.78,2656.87,2132599583
04/11/2018,2643.89,2661.43,2639.25,2642.19,1788526146
04/12/2018,2653.83,2674.72,2653.83,2663.99,1922966393
04/13/2018,2676.9,2680.26,2645.05,2656.3,1823268887
04/16/2018,2670.1,2686.49,2665.16,2677.84,1866870482
04/17/2018,2692.74,2713.34,2692.05,2706.39,1925630582
04/18/2018,2710.11,2717.49,2703.63,2708.64,1965630369
04/19/2018,2701.16,2702.84,2681.9,2693.13,2168636678
04/20/2018,2692.56,2693.94,2660.61,2670.14,2308509070
04/23/2018,2675.4,2682.86,2657.99,2670.29,1858105237
04/24/2018,2680.8,2683.55,2617.32,2634.56,2413969096
04/25/2018,2634.92,2645.3,2612.67,2639.4,2203579981
04/26/2018,2651.65,2676.48,2647.16,2666.94,2543293987
04/27/2018,2675.47,2677.35,2659.01,2669.91,2104565445
04/30/2018,2675.05,2682.92,2648.04,2648.05,2335651561
05/01/2018,2643.64,2655.27,2625.41,2654.8,2185437868
05/02/2018,2654.24,2660.87,2631.7,2635.67,2303620157
05/03/2018,2628.08,2637.14,2594.62,2629.73,2395693075
05/04/2018,2621.45,2670.93,2615.32,2663.42,1915006736
05/07/2018,2669.36,2683.35,2664.7,2672.63,1911248453
05/08/2018,2670.26,2676.34,2655.2,2671.92,2106585852
05/09/2018,2678.12,2701.27,2674.14,2697.79,2083097634
05/10/2018,2705.02,2726.11,2704.54,2723.07,1835353794
05/11/2018,2722.7,2732.86,2717.45,2727.72,1796034174
05/14/2018,2733.37,2742.1,2725.47,2730.13,1820433208
05/15/2018,2718.59,2718.59,2701.91,2711.45,1964096382
05/16/2018,2712.62,2727.76,2712.17,2722.46,1844279675
05/17/2018,2719.71,2731.96,2711.36,2720.13,1863613028
05/18/2018,2717.35,2719.5,2709.18,2712.97,1956929148
05/21/2018,2725.95,2739.19,2725.7,2733.01,1789869036
05/22/2018,2738.34,2742.24,2721.88,2724.44,1907818881
05/23/2018,2713.98,2733.33,2709.54,2733.29,2030186160
05/24/2018,2730.94,2731.97,2707.38,2727.76,1965051549
05/25/2018,2723.6,2727.36,2714.99,2721.33,1683086480
05/29/2018,2705.11,2710.67,2676.81,2689.86,2250972365
05/30/2018,2702.43,2729.34,2702.43,2724.01,2032100556
05/31/2018,2720.98,2722.5,2700.68,2705.27,2746987187
06/01/2018,2718.7,2736.93,2718.7,2734.62,1995116170
06/04/2018,2741.67,2749.16,2740.54,2746.87,1974155386
06/05/2018,2748.46,2752.61,2739.51,2748.8,1982320693
06/06/2018,2753.25,2772.39,2748.46,2772.35,2130321313
06/07/2018,2774.84,2779.9,2760.16,2770.37,2139133019
06/08/2018,2765.84,2779.39,2763.59,2779.03,1813371531
06/11/2018,2780.18,2790.21,2780.17,2782.0,1917077606
06/12/2018,2785.6,2789.8,2778.78,2786.85,1989893988
06/13/2018,2787.94,2791.47,2774.65,2775.63,2422913937
06/14/2018,2783.21,2789.06,2776.52,2782.49,2271012002
06/15/2018,2777.78,2782.81,2761.73,2779.66,3501178338
06/18/2018,2765.79,2774.99,2757.12,2773.75,2029883491
06/19/2018,2752.01,2765.05,2743.19,2762.59,2214221500
06/20/2018,2769.73,2774.86,2763.91,2767.32,2184211754
06/21/2018,2769.28,2769.28,2744.39,2749.76,2149437119
06/22/2018,2760.79,2764.17,2752.68,2754.88,2887234463
06/25/2018,2742.94,2742.94,2698.67,2717.07,2404385040
06/26/2018,2722.12,2732.91,2715.6,2723.06,2209004204
06/27/2018,2728.45,2746.09,2699.38,2699.63,2277333138
06/28/2018,2698.69,2724.34,2691.99,2716.31,2123739786
06/29/2018,2727.13,2743.26,2718.03,2718.37,2247611935
07/02/2018,2704.95,2727.26,2698.95,2726.71,1774974648
07/03/2018,2733.27,2736.58,2711.16,2713.22,1148652871
07/05/2018,2724.19,2737.83,2716.02,2736.61,1709735880
07/06/2018,2737.68,2764.41,2733.52,2759.82,1570610299
07/09/2018,2768.51,2784.65,2768.51,2784.17,1859165478
07/10/2018,2788.56,2795.58,2786.24,2793.84,1743427932
07/11/2018,2779.82,2785.91,2770.77,2774.02,1806015298
07/12/2018,2783.14,2799.22,2781.53,2798.29,1862928000
07/13/2018,2796.93,2804.53,2791.69,2801.31,1757998396
07/16/2018,2801.43,2803.71,2793.39,2798.43,1791632454
07/17/2018,2789.34,2814.19,2789.24,2809.55,1848700381
07/18/2018,2811.35,2816.76,2805.89,2815.62,1946267157
07/19/2018,2809.37,2812.05,2799.77,2804.49,2110255100
07/20/2018,2804.55,2809.7,2800.01,2801.83,2082882088
07/23/2018,2799.17,2808.61,2795.14,2806.98,1863978314
07/24/2018,2820.68,2829.99,2811.12,2820.4,2183986783
07/25/2018,2817.73,2848.03,2817.73,2846.07,2288128263
07/26/2018,2835.49,2845.57,2835.26,2837.44,2578242516
07/27/2018,2842.35,2843.17,2808.34,2818.82,2343658703
07/30/2018,2819.0,2821.74,2798.11,2802.6,2240038041
07/31/2018,2809.73,2824.46,2808.06,2816.29,2449761064
08/01/2018,2821.17,2825.83,2805.85,2813.36,2200609136
08/02/2018,2800.48,2829.91,2796.34,2827.22,2040386957
08/03/2018,2829.62,2840.38,2827.37,2840.35,1829936668
08/06/2018,2840.29,2853.29,2835.98,2850.4,1755402887
08/07/2018,2855.92,2863.43,2855.92,2858.45,1792641161
08/08/2018,2856.79,2862.44,2853.09,2857.7,1624654644
08/09/2018,2857.19,2862.48,2851.98,2853.58,1670803074
08/10/2018,2839.64,2842.2,2825.81,2833.28,1817775083
08/13/2018,2835.46,2843.4,2819.88,2821.93,1852090896
08/14/2018,2827.88,2843.11,2826.58,2839.96,1733260850
08/15/2018,2827.95,2827.95,2802.49,2818.37,2170175043
08/16/2018,2831.44,2850.49,2831.44,2840.69,1990092035
08/17/2018,2838.32,2855.63,2833.73,2850.13,1897228859
08/20/2018,2853.93,2859.76,2850.62,2857.05,1673590011
08/21/2018,2861.51,2873.23,2861.32,2862.96,1897094700
08/22/2018,2860.99,2867.54,2856.05,2861.82,1583705458
08/23/2018,2860.29,2868.78,2854.03,2856.98,1653913646
08/24/2018,2862.35,2876.16,2862.35,2874.69,1675497534
08/27/2018,2884.69,2898.25,2884.69,2896.74,2055945918
08/28/2018,2901.45,2903.77,2893.5,2897.52,1788301628
08/29/2018,2900.62,2916.5,2898.4,2914.04,1761496009
08/30/2018,2908.94,2912.46,2895.22,2901.13,1725979535
08/31/2018,2898.37,2906.32,2891.73,2901.52,1806136650
09/04/2018,2896.96,2900.18,2885.13,2896.72,1952726439
09/05/2018,2891.59,2894.21,2876.92,2888.6,2277718447
09/06/2018,2888.64,2892.05,2867.29,2878.05,2025172933
09/07/2018,2868.26,2883.81,2864.12,2871.68,1942169500
09/10/2018,2881.39,2886.93,2875.94,2877.13,1762586061
09/11/2018,2871.57,2892.52,2866.78,2887.89,1880844233
09/12/2018,2888.29,2894.65,2879.2,2888.92,2063572613
09/13/2018,2896.85,2906.76,2896.39,2904.18,2167357831
09/14/2018,2906.38,2908.3,2895.77,2904.98,1896515785
09/17/2018,2903.83,2904.65,2886.16,2888.8,1855645865
09/18/2018,2890.74,2911.17,2890.43,2904.31,1947735430
09/19/2018,2906.6,2912.36,2903.82,2907.95,1942348471
09/20/2018,2919.73,2934.8,2919.73,2930.75,2102348032
09/21/2018,2936.76,2940.91,2927.11,2929.67,3900791977
09/24/2018,2921.83,2923.79,2912.63,2919.37,2105481492
09/25/2018,2921.75,2923.95,2913.7,2915.56,2034744657
09/26/2018,2916.98,2931.15,2903.28,2905.97,2053174998
09/27/2018,2911.65,2927.22,2909.27,2914.0,1803057925
09/28/2018,2910.03,2920.53,2907.5,2913.98,2193939787
10/01/2018,2926.29,2937.06,2917.91,2924.59,2148843589
10/02/2018,2923.8,2931.42,2919.37,2923.43,2060042938
10/03/2018,2931.69,2939.86,2921.36,2925.51,2101579719
10/04/2018,2919.35,2919.78,2883.92,2901.61,2105861176
10/05/2018,2902.54,2909.64,2869.29,2885.57,2091494758
10/08/2018,2877.53,2889.45,2862.08,2884.43,2013126777
10/09/2018,2882.51,2894.83,2874.27,2880.34,2136559731
10/10/2018,2873.9,2874.02,2784.86,2785.68,2895006266
10/11/2018,2776.87,2795.14,2710.51,2728.37,3309534693
10/12/2018,2770.54,2775.77,2729.44,2767.13,2665303068
10/15/2018,2763.83,2775.99,2749.03,2750.79,2023151751
10/16/2018,2767.05,2813.46,2766.91,2809.92,2137274737
10/17/2018,2811.67,2816.94,2781.81,2809.21,2120418821
10/18/2018,2802.0,2806.04,2755.18,2768.78,2330696322
10/19/2018,2775.66,2797.77,2760.27,2767.78,2467481149
10/22/2018,2773.94,2778.94,2749.22,2755.88,2219051310
10/23/2018,2721.03,2753.59,2691.43,2740.69,2810569394
10/24/2018,2737.87,2742.59,2651.89,2656.1,3140536420
10/25/2018,2674.88,2722.7,2667.84,2705.57,3062113911
10/26/2018,2667.86,2692.38,2628.16,2658.69,3296391591
10/29/2018,2682.65,2706.85,2603.54,2641.25,2965731958
10/30/2018,2640.68,2685.43,2635.34,2682.63,3337205289
10/31/2018,2705.6,2736.69,2705.6,2711.74,3254301594
11/01/2018,2717.58,2741.67,2708.85,2740.37,2791011643
11/02/2018,2745.45,2756.55,2700.44,2723.06,2848403388
11/05/2018,2726.37,2744.27,2717.94,2738.31,2194666735
11/06/2018,2738.4,2756.82,2737.08,2755.45,2102933250
11/07/2018,2774.13,2815.15,2774.13,2813.89,2449056045
11/08/2018,2806.38,2814.75,2794.99,2806.83,2264117515
11/09/2018,2794.1,2794.1,2764.24,2781.01,2507593534
11/12/2018,2773.93,2775.99,2722.0,2726.22,2439374452
11/13/2018,2730.05,2754.6,2714.98,2722.18,2355351203
11/14/2018,2737.9,2746.8,2685.75,2701.58,2669619740
11/15/2018,2693.52,2735.38,2670.75,2730.2,2723521940
11/16/2018,2718.54,2746.75,2712.16,2736.27,2693966897
11/19/2018,2730.74,2733.16,2681.09,2690.73,2528464111
11/20/2018,2654.6,2669.44,2631.52,2641.89,2887815867
11/21/2018,2657.74,2670.73,2649.82,2649.93,2052551182
11/23/2018,2633.36,2647.55,2631.09,2632.56,996600641
11/26/2018,2649.97,2674.35,2649.97,2673.45,2223763990
11/27/2018,2663.75,2682.53,2655.89,2682.17,2164783700
11/28/2018,2691.45,2744.0,2684.38,2743.79,2464243924
11/29/2018,2736.97,2753.75,2722.94,2737.76,2102760317
11/30/2018,2737.76,2760.88,2732.76,2760.17,3061710894
12/03/2018,2790.5,2800.18,2773.38,2790.37,2752398086
12/04/2018,2782.43,2785.93,2697.18,2700.06,2990888253
12/06/2018,2663.51,2696.15,2621.53,2695.95,3220645160
12/07/2018,2691.26,2708.54,2623.14,2633.08,2607989522
12/10/2018,2630.86,2647.51,2583.23,2637.72,2521728992
12/11/2018,2664.44,2674.35,2621.3,2636.78,2354563431
12/12/2018,2658.23,2685.44,2650.26,2651.07,2473051769
12/13/2018,2658.7,2670.19,2637.27,2650.54,2364352582
12/14/2018,2629.68,2635.07,2593.84,2599.95,2536288491
12/17/2018,2590.75,2601.13,2530.54,2545.94,2879374640
12/18/2018,2559.9,2573.99,2528.71,2546.16,2748353397
12/19/2018,2547.05,2585.29,2488.96,2506.96,3383318577
12/20/2018,2496.77,2509.63,2441.18,2467.42,3622684010
12/21/2018,2465.38,2504.41,2408.55,2416.62,4946860684
12/24/2018,2400.56,2410.34,2351.1,2351.1,1724366735
12/26/2018,2363.12,2467.76,2346.58,2467.7,2731627234
12/27/2018,2442.5,2489.1,2397.94,2488.83,2552054898
12/28/2018,2498.77,2520.27,2472.89,2485.74,2209845401
12/31/2018,2498.94,2509.24,2482.82,2506.85,1998138057
01/02/2019,2476.96,2519.49,2467.47,2510.03,2233765369
01/03/2019,2491.92,2493.14,2443.96,2447.89,2754752741
01/04/2019,2474.33,2538.07,2474.33,2531.94,2661709794
01/07/2019,2535.61,2566.16,2524.56,2549.69,2526552370
01/08/2019,2568.11,2579.82,2547.56,2574.41,2458286256
01/09/2019,2580.0,2595.32,2568.89,2584.96,2463516870
01/10/2019,2573.51,2597.82,2562.02,2596.64,2330498011
01/11/2019,2588.11,2596.27,2577.4,2596.26,2063515116
01/14/2019,2580.31,2589.32,2570.41,2582.61,2242883039
01/15/2019,2585.1,2613.08,2585.1,2610.3,2299611814
01/16/2019,2614.75,2625.76,2612.68,2616.1,2417328891
01/17/2019,2609.28,2645.06,2606.36,2635.96,2450727381
01/18/2019,2651.27,2675.47,2647.58,2670.71,2617844977
01/22/2019,2657.88,2657.88,2617.27,2632.9,2590517040
01/23/2019,2643.48,2653.19,2612.86,2638.7,2239098706
01/24/2019,2638.84,2647.2,2627.01,2642.33,2434655642
01/25/2019,2657.44,2672.38,2657.33,2664.76,2499715080
01/28/2019,2644.97,2644.97,2624.06,2643.85,2314399422
01/29/2019,2644.89,2650.93,2631.05,2640.0,2148988595
01/30/2019,2653.62,2690.44,2648.34,2681.05,2544657931
01/31/2019,2685.49,2708.95,2678.65,2704.1,3383825891
02/01/2019,2702.32,2716.66,2696.88,2706.53,2431455095
02/04/2019,2706.49,2724.99,2698.75,2724.87,2070561799
02/05/2019,2728.34,2738.98,2724.03,2737.7,2175721319
02/06/2019,2735.05,2738.08,2724.15,2731.61,2056291740
02/07/2019,2717.53,2719.32,2687.26,2706.05,2449415197
02/08/2019,2692.36,2708.07,2681.83,2707.88,2219273583
02/11/2019,2712.4,2718.05,2703.79,2709.8,1977782524
02/12/2019,2722.61,2748.19,2722.61,2744.73,2290316191
02/13/2019,2750.3,2761.85,2748.63,2753.03,2141980853
02/14/2019,2743.5,2757.9,2731.23,2745.73,2141245049
02/15/2019,2760.24,2775.66,2760.24,2775.6,2385153253
02/19/2019,2769.28,2787.33,2767.29,2779.76,1984414955
02/20/2019,2779.05,2789.88,2774.06,2784.7,2139229517
02/21/2019,2780.24,2781.58,2764.55,2774.88,1979489005
02/22/2019,2780.67,2794.2,2779.11,2792.67,2087754963
02/25/2019,2804.35,2813.49,2794.99,2796.11,2303642371
02/26/2019,2792.36,2803.12,2789.47,2793.9,2033263150
02/27/2019,2787.5,2795.76,2775.13,2792.38,2053868016
02/28/2019,2788.11,2793.73,2782.51,2784.49,2492903684
03/01/2019,2798.22,2808.02,2787.38,2803.69,2250380361
03/04/2019,2814.37,2816.88,2767.66,2792.81,2245925091
03/05/2019,2794.41,2796.44,2782.97,2789.65,2118384032
03/06/2019,2790.27,2790.27,2768.69,2771.45,2111486429
03/07/2019,2766.53,2767.25,2739.09,2748.93,2280991903
03/08/2019,2730.79,2744.13,2722.27,2743.07,1971521128
03/11/2019,2747.61,2784.0,2747.61,2783.3,2054706192
03/12/2019,2787.34,2798.32,2786.73,2791.52,2019925291
03/13/2019,2799.78,2821.24,2799.78,2810.92,2162511945
03/14/2019,2810.38,2815.0,2803.46,2808.48,2052995330
03/15/2019,2810.79,2830.73,2810.79,2822.48,3734916446
03/18/2019,2822.61,2835.41,2821.99,2832.94,2031400901
03/19/2019,2840.76,2852.42,2823.27,2832.57,2243489044
03/20/2019,2831.34,2843.54,2812.43,2824.23,2289335844
03/21/2019,2819.72,2860.31,2817.38,2854.88,2323248426
03/22/2019,2844.52,2846.16,2800.47,2800.71,2485350165
03/25/2019,2796.01,2809.79,2785.02,2798.36,1931448289
03/26/2019,2812.66,2829.87,2803.99,2818.46,1917604997
03/27/2019,2819.72,2825.56,2787.72,2805.37,1918159251
03/28/2019,2809.4,2819.71,2798.77,2815.44,1774788228
03/29/2019,2828.27,2836.03,2819.23,2834.4,2184384245
04/01/2019,2848.63,2869.4,2848.63,2867.19,2065945466
04/02/2019,2868.24,2872.9,2858.75,2867.24,1874915359
04/03/2019,2876.09,2885.25,2865.17,2873.4,2216125460
04/04/2019,2873.99,2881.28,2867.14,2879.39,1740949270
04/05/2019,2884.16,2893.24,2882.99,2892.74,1747286390
04/08/2019,2888.46,2895.95,2880.78,2895.77,1744343429
04/09/2019,2886.58,2886.88,2873.33,2878.2,1712480401
04/10/2019,2881.37,2889.71,2879.13,2888.21,1595773627
04/11/2019,2891.92,2893.42,2881.99,2888.32,1625618352
04/12/2019,2900.86,2910.54,2898.37,2907.41,2175148651
04/15/2019,2908.32,2909.6,2896.48,2905.58,1719879708
04/16/2019,2912.26,2916.06,2900.71,2907.06,2059164390
04/17/2019,2916.04,2918.0,2895.45,2900.45,2310102579
04/18/2019,2904.81,2908.4,2891.9,2905.03,2079240009
04/22/2019,2898.78,2909.51,2896.35,2907.97,1747453728
04/23/2019,2909.99,2936.31,2908.53,2933.68,2171881377
04/24/2019,2934.0,2936.83,2926.05,2927.25,2035575785
04/25/2019,2928.99,2933.1,2912.84,2926.17,2089426293
04/26/2019,2925.81,2939.88,2917.56,2939.88,2080498109
04/29/2019,2940.58,2949.52,2939.35,2943.03,1848856715
04/30/2019,2937.14,2948.22,2924.11,2945.83,2364280370
05/01/2019,2952.33,2954.13,2923.36,2923.73,2227214304
05/02/2019,2922.16,2931.68,2900.5,2917.52,2136002298
05/03/2019,2929.21,2947.85,2929.21,2945.64,1880651493
05/06/2019,2908.89,2937.32,2898.21,2932.47,1857443096
05/07/2019,2913.03,2913.03,2862.6,2884.05,2283553857
05/08/2019,2879.61,2897.96,2873.28,2879.42,1919367284
05/09/2019,2859.84,2875.97,2836.4,2870.72,2122567271
05/10/2019,2863.1,2891.31,2825.39,2881.4,2004542780
05/13/2019,2840.19,2840.19,2801.43,2811.87,2324156702
05/14/2019,2820.12,2852.54,2820.12,2834.41,1947348885
05/15/2019,2820.38,2858.68,2815.08,2850.96,1877762469
05/16/2019,2855.8,2892.15,2855.8,2876.32,1925487672
05/17/2019,2858.6,2885.48,2854.23,2859.53,1887749622
05/20/2019,2841.94,2853.86,2831.29,2840.23,1899719090
05/21/2019,2854.02,2868.88,2854.02,2864.36,1802041253
05/22/2019,2856.06,2865.47,2851.11,2856.27,1794215276
05/23/2019,2836.7,2836.7,2805.49,2822.24,2225395776
05/24/2019,2832.41,2841.36,2820.19,2826.06,1601399137
05/28/2019,2830.03,2840.51,2801.58,2802.39,2507190607
05/29/2019,2790.25,2792.03,2766.06,2783.02,2100549012
05/30/2019,2786.94,2799.0,2776.74,2788.86,1757961173
05/31/2019,2766.15,2768.98,2750.52,2752.06,2206214289
06/03/2019,2751.53,2763.07,2728.81,2744.45,2421191119
06/04/2019,2762.64,2804.49,2762.64,2803.27,2294213172
06/05/2019,2818.09,2827.28,2800.92,2826.15,2031189576
06/06/2019,2828.51,2852.1,2822.45,2843.49,1949547652
06/07/2019,2852.87,2884.97,2852.87,2873.34,1848513805
06/10/2019,2885.83,2904.77,2885.51,2886.73,1854780007
06/11/2019,2903.27,2910.61,2878.53,2885.72,2038179621
06/12/2019,2882.73,2888.57,2874.68,2879.84,1618915586
06/13/2019,2886.24,2895.24,2881.99,2891.64,1638957193
06/14/2019,2886.82,2894.45,2879.62,2886.98,1562976924
06/17/2019,2889.75,2897.27,2887.3,2889.67,1579314342
06/18/2019,2906.71,2930.79,2905.44,2917.75,2003753210
06/19/2019,2920.55,2931.74,2911.43,2926.46,1864220237
06/20/2019,2949.6,2958.06,2931.5,2954.18,2057677854
06/21/2019,2952.71,2964.15,2946.87,2950.46,3033185232
06/24/2019,2951.42,2954.92,2944.05,2945.35,1733220416
06/25/2019,2945.78,2946.52,2916.01,2917.38,2020032887
06/26/2019,2926.07,2932.59,2912.99,2913.78,2005584141
06/27/2019,2919.66,2929.3,2918.57,2924.92,1725782515
06/28/2019,2932.94,2943.98,2929.05,2941.76,2959726110
07/01/2019,2971.41,2977.93,2952.22,2964.33,2042077046
07/02/2019,2964.66,2973.21,2955.92,2973.01,1656797094
07/03/2019,2978.08,2995.84,2977.96,2995.82,1093866706
07/05/2019,2984.25,2994.03,2967.97,2990.41,1287369510
07/08/2019,2979.77,2980.76,2970.09,2975.95,1554002628
07/09/2019,2965.52,2981.9,2963.44,2979.63,1636493097
07/10/2019,2989.3,3002.98,2984.62,2993.07,1643619368
07/11/2019,2999.62,3002.33,2988.8,2999.91,1731135974
07/12/2019,3003.36,3013.92,3001.87,3013.77,1609598303
07/15/2019,3017.8,3017.8,3008.77,3014.3,1604048494
07/16/2019,3012.13,3015.02,3001.15,3004.04,1742567428
07/17/2019,3005.1,3005.26,2984.25,2984.42,1743301026
07/18/2019,2978.87,2998.28,2973.09,2995.11,1793633457
07/19/2019,3004.26,3006.02,2975.86,2976.61,1872665473
07/22/2019,2981.93,2990.71,2976.65,2985.03,1667005218
07/23/2019,2994.74,3005.9,2988.56,3005.47,1870688759
07/24/2019,2998.77,3019.59,2996.82,3019.56,1925226952
07/25/2019,3016.26,3016.31,2997.24,3003.67,1977743265
07/26/2019,3013.25,3027.98,3012.59,3025.86,1807302584
07/29/2019,3024.47,3025.61,3014.3,3020.97,1761304156
07/30/2019,3007.66,3017.19,3000.94,3013.18,1837519861
07/31/2019,3016.22,3017.4,2958.08,2980.38,2731633880
08/01/2019,2980.32,3013.59,2945.23,2953.56,2707086272
08/02/2019,2943.9,2945.5,2914.11,2932.05,2210278484
08/05/2019,2898.07,2898.07,2822.12,2844.74,2614970778
08/06/2019,2861.18,2884.4,2847.42,2881.77,2177203736
08/07/2019,2858.65,2892.17,2825.71,2883.98,2360893677
08/08/2019,2896.21,2938.72,2894.47,2938.09,2209464226
08/09/2019,2930.51,2935.75,2900.15,2918.65,1888617136
08/12/2019,2907.07,2907.58,2873.14,2883.09,1440439051
08/13/2019,2880.72,2943.31,2877.05,2926.32,2129331307
08/14/2019,2894.15,2894.15,2839.64,2840.6,2543385216
08/15/2019,2846.2,2856.67,2825.51,2847.6,2421109975
08/16/2019,2864.74,2893.63,2864.74,2888.68,2063083134
08/19/2019,2913.48,2931.0,2913.48,2923.65,1779496092
08/20/2019,2919.01,2923.63,2899.6,2900.51,1678619163
08/21/2019,2922.04,2928.73,2917.91,2924.43,1587398599
08/22/2019,2930.94,2939.08,2904.51,2922.95,1586736328
08/23/2019,2911.07,2927.01,2834.97,2847.11,2353651930
08/26/2019,2866.7,2879.27,2856.0,2878.38,1594021309
08/27/2019,2893.14,2898.79,2860.59,2869.16,1949097485
08/28/2019,2861.28,2890.03,2853.05,2887.94,1657199496
08/29/2019,2910.37,2930.5,2905.67,2924.58,1620492414
08/30/2019,2937.09,2940.43,2913.32,2926.46,1609574623
09/03/2019,2909.01,2914.39,2891.85,2906.27,1709526221
09/04/2019,2924.67,2938.84,2921.86,2937.78,1638025756
09/05/2019,2960.6,2985.86,2960.6,2976.0,1985626103
09/06/2019,2980.33,2985.03,2972.51,2978.71,1660754923
09/09/2019,2988.43,2989.43,2969.39,2978.43,2109065868
09/10/2019,2971.01,2979.39,2957.01,2979.39,2313900765
09/11/2019,2981.41,3000.93,2975.31,3000.93,2023030989
09/12/2019,3009.08,3020.74,3000.92,3009.57,2110912839
09/13/2019,3012.21,3017.33,3002.9,3007.39,1885111636
09/16/2019,2996.41,3002.19,2990.67,2997.96,1865797043
09/17/2019,2995.67,3006.21,2993.73,3005.7,1835650335
09/18/2019,3001.5,3007.83,2978.57,3006.73,1711314786
09/19/2019,3010.36,3021.99,3003.16,3006.79,1552070564
09/20/2019,3008.42,3016.37,2984.68,2992.07,3239391426
09/23/2019,2983.5,2999.15,2982.23,2991.78,1584858670
09/24/2019,3002.43,3007.98,2957.73,2966.6,2022515176
09/25/2019,2968.35,2989.82,2952.86,2984.87,1755735859
09/26/2019,2985.73,2987.28,2963.71,2977.62,1589729661
09/27/2019,2985.47,2987.31,2945.53,2961.79,1770249086
09/30/2019,2967.07,2983.85,2967.07,2976.74,1663001742
10/01/2019,2983.69,2992.53,2938.7,2940.25,1889536812
10/02/2019,2924.78,2924.78,2874.93,2887.61,2132408795
10/03/2019,2885.38,2911.13,2855.94,2910.63,1879070945
10/04/2019,2918.56,2953.74,2918.56,2952.01,1598498926
10/07/2019,2944.23,2959.75,2935.68,2938.79,1497859583
10/08/2019,2920.4,2925.47,2892.66,2893.06,1831153664
10/09/2019,2911.1,2929.32,2907.41,2919.4,1409636911
10/10/2019,2918.55,2948.46,2917.12,2938.13,1630780755
10/11/2019,2963.07,2993.28,2963.07,2970.27,1952864648
10/14/2019,2965.81,2972.84,2962.94,2966.15,1332783825
10/15/2019,2973.61,3003.28,2973.61,2995.68,1676566148
10/16/2019,2989.68,2997.54,2985.2,2989.69,1740299314
10/17/2019,3000.77,3008.29,2991.79,2997.95,1623369261
10/18/2019,2996.84,3000.0,2976.31,2986.2,1986308651
10/21/2019,2996.48,3007.33,2995.35,3006.72,1749381230
10/22/2019,3010.73,3014.57,2995.04,2995.99,1843264600
10/23/2019,2994.01,3004.78,2991.21,3004.52,1760876330
10/24/2019,3014.78,3016.07,3000.42,3010.29,1935918850
10/25/2019,3003.32,3027.39,3001.94,3022.55,1773425903
10/28/2019,3032.12,3044.08,3032.12,3039.42,1871168000
10/29/2019,3035.39,3047.87,3034.81,3036.89,1811955801
10/30/2019,3039.74,3050.1,3025.96,3046.77,1968172946
10/31/2019,3046.9,3046.9,3023.19,3037.56,2207521396
11/01/2019,3050.72,3066.95,3050.72,3066.91,1950717139
11/04/2019,3078.96,3085.2,3074.87,3078.27,2114369155
11/05/2019,3080.8,3083.95,3072.15,3074.62,2249853337
11/06/2019,3075.1,3078.34,3065.89,3076.78,2022311721
11/07/2019,3087.02,3097.77,3080.23,3085.18,2160097121
11/08/2019,3081.25,3093.09,3073.58,3093.08,1691974712
11/11/2019,3080.33,3088.33,3075.82,3087.01,1407760565
11/12/2019,3089.28,3102.61,3084.73,3091.84,1682131599
11/13/2019,3084.18,3098.06,3078.8,3094.04,1716744635
11/14/2019,3090.75,3098.2,3083.26,3096.63,1658728244
11/15/2019,3107.92,3120.46,3104.6,3120.46,1868559515
11/18/2019,3117.91,3124.17,3112.06,3122.03,1834376060
11/19/2019,3127.45,3127.64,3113.47,3120.18,1924172382
11/20/2019,3114.66,3118.97,3091.41,3108.46,2372417263
11/21/2019,3108.49,3110.11,3094.55,3103.54,1862138394
11/22/2019,3111.41,3112.87,3099.26,3110.29,1626733207
11/25/2019,3117.44,3133.83,3117.44,3133.64,1904704053
11/26/2019,3134.85,3142.69,3131.0,3140.52,2493336600
11/27/2019,3145.49,3154.26,3143.41,3153.63,1493045171
11/29/2019,3147.18,3150.3,3139.34,3140.98,836642225
12/02/2019,3143.85,3144.31,3110.78,3113.87,1786642208
12/03/2019,3087.41,3094.97,3070.33,3093.2,1991484979
12/04/2019,3103.5,3119.38,3102.53,3112.76,1791049394
12/05/2019,3119.21,3119.45,3103.76,3117.43,1645721930
12/06/2019,3134.62,3150.6,3134.62,3145.91,1699014299
12/09/2019,3141.86,3148.87,3135.46,3135.96,1596216273
12/10/2019,3135.36,3142.12,3126.09,3132.52,1662835229
12/11/2019,3135.75,3143.98,3133.21,3141.63,1711032900
12/12/2019,3141.23,3176.28,3138.47,3168.57,2217305086
12/13/2019,3166.65,3182.68,3156.51,3168.8,1956819988
12/16/2019,3183.63,3197.71,3183.63,3191.45,2164545446
12/17/2019,3195.4,3198.22,3191.03,3192.52,1971590974
12/18/2019,3195.21,3198.48,3191.14,3191.14,2109637089
12/19/2019,3192.32,3205.48,3192.32,3205.37,1923928144
12/20/2019,3223.33,3225.65,3216.03,3221.22,3697537000
12/23/2019,3226.05,3227.78,3222.3,3224.01,1580052417
12/24/2019,3225.45,3226.43,3220.51,3223.38,604560645
12/26/2019,3227.2,3240.08,3227.2,3239.91,1047945052
12/27/2019,3247.23,3247.93,3234.37,3240.02,1110175743
12/30/2019,3240.09,3240.92,3216.57,3221.29,1198740754
12/31/2019,3215.18,3231.72,3212.03,3230.78,1285724433
01/02/2020,3244.67,3258.14,3235.53,3257.85,1827686033
01/03/2020,3226.36,3246.15,3222.34,3234.85,1733947876
01/06/2020,3217.55,3246.84,3214.64,3246.28,1872802967
01/07/2020,3241.86,3244.91,3232.43,3237.18,1892856394
01/08/2020,3238.59,3267.07,3236.67,3253.05,1956336829
01/09/2020,3266.03,3275.58,3263.67,3274.7,1839202233
01/10/2020,3281.81,3282.99,3260.86,3265.35,1631680402
01/13/2020,3271.13,3288.13,3268.43,3288.13,1765159091
01/14/2020,3285.35,3294.25,3277.19,3283.15,1969901450
01/15/2020,3282.27,3298.66,3280.69,3289.29,1807140795
01/16/2020,3302.97,3317.11,3302.82,3316.81,1795632375
01/17/2020,3323.66,3329.88,3318.86,3329.62,2148780812
01/21/2020,3321.03,3329.79,3316.61,3320.79,2190847523
01/22/2020,3330.02,3337.77,3320.04,3321.75,1852031183
01/23/2020,3315.77,3326.88,3301.87,3325.54,2034159847
01/24/2020,3333.1,3333.18,3281.53,3295.47,2106787710
01/27/2020,3247.16,3258.85,3234.5,3243.63,2136117899
01/28/2020,3255.35,3285.78,3253.22,3276.24,2023968804
01/29/2020,3289.46,3293.47,3271.89,3273.4,2124923928
01/30/2020,3256.45,3285.91,3242.8,3283.66,2253788999
01/31/2020,3282.33,3282.33,3214.68,3225.52,2678835839
02/03/2020,3235.66,3268.44,3235.66,3248.92,2113052898
02/04/2020,3280.61,3306.92,3280.61,3297.59,2140871720
02/05/2020,3324.91,3337.58,3313.75,3334.69,2252878600
02/06/2020,3344.92,3347.96,3334.39,3345.78,1953737177
02/07/2020,3335.54,3341.42,3322.12,3327.71,1851359693
02/10/2020,3318.28,3352.26,3317.77,3352.09,1735188706
02/11/2020,3365.87,3375.63,3352.72,3357.75,1879876062
02/12/2020,3370.5,3381.47,3369.72,3379.45,2006519340
02/13/2020,3365.9,3385.09,3360.52,3373.94,1909388714
02/14/2020,3378.08,3380.69,3366.15,3380.16,1667357285
02/18/2020,3369.04,3375.01,3355.61,3370.29,1914015420
02/19/2020,3380.39,3393.52,3378.83,3386.15,1725813319
02/20/2020,3380.45,3389.15,3341.02,3373.23,2028505820
02/21/2020,3360.5,3360.76,3328.45,3337.75,2118610218
02/24/2020,3257.61,3259.81,3214.65,3225.89,2745642954
02/25/2020,3238.94,3246.99,3118.77,3128.21,3132889940
02/26/2020,3139.9,3182.51,3108.99,3116.39,2992301140
02/27/2020,3062.54,3097.07,2977.39,2978.76,3935257829
02/28/2020,2916.9,2959.72,2855.84,2954.22,5142324277
03/02/2020,2974.28,3090.96,2945.19,3090.23,3819116740
03/03/2020,3096.46,3136.72,2976.63,3003.37,3871212179
03/04/2020,3045.75,3130.97,3034.38,3130.12,3078036175
03/05/2020,3075.7,3083.04,2999.83,3023.94,3234688726
03/06/2020,2954.2,2985.93,2901.54,2972.37,3910119484
03/09/2020,2863.89,2863.89,2734.43,2746.56,4706064078
03/10/2020,2813.48,2882.59,2734.0,2882.23,4346012322
03/11/2020,2825.6,2825.6,2707.22,2741.38,4241642899
03/12/2020,2630.86,2660.95,2478.86,2480.64,5218633781
03/13/2020,2569.99,2711.33,2492.37,2711.02,5003636035
03/16/2020,2508.59,2562.98,2380.94,2386.13,4650983384
03/17/2020,2425.66,2553.93,2367.04,2529.19,4826351185
03/18/2020,2436.5,2453.57,2280.52,2398.1,5196783768
03/19/2020,2393.48,2466.97,2319.78,2409.39,4557744384
03/20/2020,2431.94,2453.01,2295.56,2304.92,5303923234
03/23/2020,2290.71,2300.73,2191.86,2237.4,4617078431
03/24/2020,2344.44,2449.71,2344.44,2447.33,4718870107
03/25/2020,2457.77,2571.42,2407.53,2475.56,4881201399
03/26/2020,2501.29,2637.01,2500.72,2630.07,4340887034
03/27/2020,2555.87,2615.91,2520.02,2541.47,3590712059
03/30/2020,2558.98,2631.8,2545.28,2626.65,3370871942
03/31/2020,2614.69,2641.39,2571.15,2584.59,3991878975
04/01/2020,2498.08,2522.75,2447.49,2470.5,3666502398
04/02/2020,2458.54,2533.22,2455.79,2526.9,3870184448
04/03/2020,2514.92,2538.18,2459.96,2488.65,3593003494
04/06/2020,2578.28,2676.85,2574.57,2663.68,4022970312
04/07/2020,2738.65,2756.89,2657.67,2659.41,4218972836
04/08/2020,2685.0,2760.75,2663.3,2749.98,3343867617
04/09/2020,2776.99,2818.57,2762.36,2789.82,4359302597
04/13/2020,2782.46,2782.46,2721.17,2761.63,2900380791
04/14/2020,2805.1,2851.85,2805.1,2846.06,3113388741
04/15/2020,2795.64,2801.88,2761.54,2783.36,3123468178
04/16/2020,2799.34,2806.51,2764.32,2799.55,3185793737
04/17/2020,2842.43,2879.22,2830.88,2874.56,3554592893
04/20/2020,2845.62,2868.98,2820.43,2823.16,2935031893
04/21/2020,2784.81,2785.54,2727.1,2736.56,3096009723
04/22/2020,2787.89,2815.1,2775.95,2799.31,2779868449
04/23/2020,2810.42,2844.9,2794.26,2797.8,2919383742
04/24/2020,2812.64,2842.71,2791.76,2836.74,2882793416
04/27/2020,2854.65,2887.72,2852.89,2878.48,2795944244
04/28/2020,2909.96,2921.15,2860.71,2863.39,3237748798
04/29/2020,2918.46,2954.86,2912.16,2939.51,3862944848
04/30/2020,2930.91,2930.91,2892.47,2912.43,3721235517
05/01/2020,2869.09,2869.09,2821.61,2830.71,2914265069
05/04/2020,2815.01,2844.24,2797.85,2842.74,2877617866
05/05/2020,2868.88,2898.23,2863.55,2868.44,2974283010
05/06/2020,2883.14,2891.11,2847.65,2848.42,2855444097
05/07/2020,2878.26,2901.92,2876.48,2881.19,2831489254
05/08/2020,2908.83,2932.16,2902.88,2929.8,2617877855
05/11/2020,2915.46,2944.25,2903.44,2930.32,2609806690
05/12/2020,2939.5,2945.82,2869.59,2870.12,2668655086
05/13/2020,2865.86,2874.14,2793.15,2820.0,3551451164
05/14/2020,2794.54,2852.8,2766.64,2852.5,3348510295
05/15/2020,2829.95,2865.01,2816.78,2863.7,3306748591
05/18/2020,2913.86,2968.09,2913.86,2953.91,3642081510
05/19/2020,2948.59,2964.21,2922.35,2922.94,2858250798
05/20/2020,2953.63,2980.29,2953.63,2971.61,2849677238
05/21/2020,2969.95,2978.5,2938.57,2948.51,2780244068
05/22/2020,2948.05,2956.76,2933.59,2955.45,2185305113
05/26/2020,3004.08,3021.72,2988.17,2991.77,3355998857
05/27/2020,3015.65,3036.25,2969.75,3036.13,3661742868
05/28/2020,3046.61,3068.67,3023.4,3029.73,3140297035
05/29/2020,3025.17,3049.17,2998.61,3044.31,4381828887
06/01/2020,3038.78,3062.18,3031.54,3055.73,2501351434
06/02/2020,3064.78,3081.07,3051.64,3080.82,2807173294
06/03/2020,3098.9,3130.94,3098.9,3122.87,3160241158
06/04/2020,3111.56,3128.91,3090.41,3112.35,3738795746
06/05/2020,3163.84,3211.72,3163.84,3193.93,4795458701
06/08/2020,3199.92,3233.13,3196.0,3232.39,3698462911
06/09/2020,3213.32,3222.71,3193.11,3207.18,3156921516
06/10/2020,3213.42,3223.27,3181.49,3190.14,3568860875
06/11/2020,3123.53,3123.53,2999.49,3002.1,4123277874
06/12/2020,3071.04,3088.42,2984.47,3041.31,3385763024
06/15/2020,2993.76,3079.76,2965.66,3066.59,3208913333
06/16/2020,3131.0,3153.45,3076.06,3124.74,3286788794
06/17/2020,3136.13,3141.16,3108.03,3113.49,2483191141
06/18/2020,3101.64,3120.0,3093.51,3115.34,2399667782
06/19/2020,3140.29,3155.53,3083.11,3097.74,4992776964
06/22/2020,3094.42,3120.92,3079.39,3117.86,2559744788
06/23/2020,3138.7,3154.9,3127.12,3131.29,2719245393
06/24/2020,3114.4,3115.01,3032.13,3050.33,3203219699
06/25/2020,3046.6,3086.25,3024.01,3083.76,2707762288
06/26/2020,3073.2,3073.73,3004.63,3009.05,4385258096
06/29/2020,3018.59,3053.89,2999.74,3053.24,2633408640
06/30/2020,3050.2,3111.51,3047.83,3100.29,2757387711
07/01/2020,3105.92,3128.44,3101.17,3115.86,2697727407
07/02/2020,3143.64,3165.81,3124.52,3130.01,2326767585
07/06/2020,3155.29,3182.59,3155.29,3179.72,2380431984
07/07/2020,3166.44,3184.15,3142.93,3145.32,2287837089
07/08/2020,3153.07,3171.8,3136.53,3169.94,2390189825
07/09/2020,3176.17,3179.78,3115.7,3152.05,2597178292
07/10/2020,3152.47,3186.82,3136.22,3185.04,2407407212
07/13/2020,3205.08,3235.32,3149.43,3155.22,2695331634
07/14/2020,3141.11,3200.95,3127.66,3197.52,2628539056
07/15/2020,3225.98,3238.28,3200.76,3226.56,2841976156
07/16/2020,3208.36,3220.39,3198.59,3215.57,2209581968
07/17/2020,3224.21,3233.52,3205.65,3224.73,2219971191
07/20/2020,3224.29,3258.61,3215.16,3251.84,2171757450
07/21/2020,3268.52,3277.29,3247.77,3257.3,2472394555
07/22/2020,3254.86,3279.32,3253.1,3276.02,2412594515
07/23/2020,3271.64,3279.99,3222.66,3235.66,2737810512
07/24/2020,3218.58,3227.26,3200.05,3215.63,2460013758
07/27/2020,3219.84,3241.43,3214.25,3239.41,2355910999
07/28/2020,3234.27,3243.72,3216.17,3218.44,2235534686
07/29/2020,3227.22,3264.74,3227.22,3258.44,2467083167
07/30/2020,3231.76,3250.92,3204.13,3246.22,2425538883
07/31/2020,3270.45,3272.17,3220.26,3271.12,3065634931
08/03/2020,3288.26,3302.73,3284.53,3294.61,2378355795
08/04/2020,3289.92,3306.84,3286.37,3306.51,2404966031
08/05/2020,3317.37,3330.77,3317.37,3327.77,2446007003
08/06/2020,3323.17,3351.03,3318.14,3349.16,2414278723
08/07/2020,3340.05,3352.54,3328.72,3351.28,2282910037
08/10/2020,3356.04,3363.29,3335.44,3360.47,2566548632
08/11/2020,3370.34,3381.01,3326.44,3333.69,2900493747
08/12/2020,3355.46,3387.89,3355.46,3380.35,2245003448
08/13/2020,3372.95,3387.24,3363.35,3373.43,1964512010
08/14/2020,3368.66,3378.51,3361.64,3372.85,1711020614
08/17/2020,3380.86,3387.59,3379.22,3381.99,1951691959
08/18/2020,3387.04,3395.06,3370.15,3389.78,1794617543
08/19/2020,3392.51,3399.54,3369.66,3374.85,2018139580
08/20/2020,3360.48,3390.8,3354.69,3385.51,1832094273
08/21/2020,3386.01,3399.96,3379.31,3397.16,1994452682
08/24/2020,3418.09,3432.09,3413.13,3431.28,2271749784
08/25/2020,3435.95,3444.21,3425.84,3443.62,2040869584
08/26/2020,3449.97,3481.07,3444.15,3478.73,2003087362
08/27/2020,3485.14,3501.38,3468.35,3484.55,2317902466
08/28/2020,3494.69,3509.23,3484.32,3508.01,2044015618
08/31/2020,3509.73,3514.77,3493.25,3500.31,2543021541
09/01/2020,3507.44,3528.03,3494.6,3526.65,2245334277
09/02/2020,3543.76,3588.11,3535.23,3580.84,2581524590
09/03/2020,3564.74,3564.85,3427.41,3455.06,3193601820
09/04/2020,3453.6,3479.15,3349.63,3426.96,3044871716
09/08/2020,3371.88,3379.97,3329.27,3331.84,3066119495
09/09/2020,3369.82,3424.77,3366.84,3398.96,2508541279
09/10/2020,3412.56,3425.55,3329.25,3339.19,2574758180
09/11/2020,3352.7,3368.95,3310.47,3340.97,2352258971
09/14/2020,3363.56,3402.93,3363.56,3383.54,2363165480
09/15/2020,3407.73,3419.48,3389.25,3401.2,2482004565
09/16/2020,3411.23,3428.92,3384.45,3385.49,2843660468
09/17/2020,3346.86,3375.17,3328.82,3357.01,2740864793
09/18/2020,3357.38,3362.27,3292.4,3319.47,4087680041
09/21/2020,3285.57,3285.57,3229.1,3281.06,2973366814
09/22/2020,3295.75,3320.31,3270.95,3315.57,2364817767
09/23/2020,3320.11,3323.35,3232.57,3236.92,2462124190
09/24/2020,3226.14,3278.7,3209.45,3246.59,2386884281
09/25/2020,3236.66,3306.88,3228.44,3298.46,2180313684
09/28/2020,3333.9,3360.74,3332.91,3351.6,2221021352
09/29/2020,3350.92,3357.92,3327.54,3335.47,1945022669
09/30/2020,3341.21,3393.56,3340.47,3363.0,2616747156
10/01/2020,3385.87,3397.18,3361.39,3380.8,2355862321
10/02/2020,3338.94,3369.1,3323.69,3348.44,2350090813
10/05/2020,3367.27,3409.57,3367.27,3408.63,2040147536
10/06/2020,3408.74,3431.56,3354.54,3360.95,2549972990
10/07/2020,3384.56,3426.26,3384.56,3419.45,2074262423
10/08/2020,3434.28,3447.28,3428.15,3446.83,2088859740
10/09/2020,3459.67,3482.34,3458.07,3477.13,2227950074
10/12/2020,3500.02,3549.85,3499.61,3534.22,2243800302
10/13/2020,3534.01,3534.01,3500.86,3511.93,2357875709
10/14/2020,3515.47,3527.94,3480.55,3488.67,2183733760
10/15/2020,3453.72,3489.08,3440.89,3483.34,2009665085
10/16/2020,3493.5,3515.76,3480.45,3483.81,2221194565
10/19/2020,3493.66,3502.42,3419.93,3426.92,2190496245
10/20/2020,3439.38,3476.93,3435.65,3443.12,2113617250
10/21/2020,3439.91,3464.86,3433.06,3435.56,2069874908
10/22/2020,3438.5,3460.53,3415.34,3453.49,2386790971
10/23/2020,3464.9,3466.46,3440.45,3465.39,2161970435
10/26/2020,3441.42,3441.42,3364.86,3400.97,2434639909
10/27/2020,3403.15,3409.51,3388.71,3390.68,2377161312
10/28/2020,3342.48,3342.48,3268.89,3271.03,3147816269
10/29/2020,3277.17,3341.05,3259.82,3310.11,2740394478
10/30/2020,3293.59,3304.93,3233.94,3269.96,3007795216
11/02/2020,3296.2,3330.14,3279.74,3310.24,2527875581
11/03/2020,3336.25,3389.49,3336.25,3369.16,2329419282
11/04/2020,3406.46,3486.25,3405.17,3443.44,2903448029
11/05/2020,3485.74,3529.05,3485.74,3510.45,2557809196
11/06/2020,3508.34,3521.58,3484.34,3509.44,2167666491
11/09/2020,3583.04,3645.99,3547.48,3550.5,5064547274
11/10/2020,3543.26,3557.22,3511.91,3545.53,3448216386
11/11/2020,3563.22,3581.16,3557.0,3572.66,2507688888
11/12/2020,3562.67,3569.02,3518.58,3537.01,2402811380
11/13/2020,3552.57,3593.66,3552.57,3585.15,2273000532
11/16/2020,3600.16,3628.51,3600.16,3626.91,2859253753
11/17/2020,3610.31,3623.11,3588.68,3609.53,2404417306
11/18/2020,3612.09,3619.09,3567.33,3567.79,2683278560
11/19/2020,3559.41,3585.22,3543.84,3581.87,2276561473
11/20/2020,3579.31,3581.23,3556.85,3557.54,2236661930
11/23/2020,3566.82,3589.81,3552.77,3577.59,2513050446
11/24/2020,3594.52,3642.31,3594.52,3635.41,3188008724
11/25/2020,3635.5,3635.5,3617.76,3629.65,2321815046
11/27/2020,3638.55,3644.31,3629.33,3638.35,1222837647
11/30/2020,3634.18,3634.18,3594.39,3621.63,3647661568
12/01/2020,3645.87,3678.45,3645.87,3662.45,2636959816
12/02/2020,3653.78,3670.96,3644.84,3669.01,2374370502
12/03/2020,3668.28,3682.73,3657.17,3666.72,2643146959
12/04/2020,3670.94,3699.2,3670.94,3699.12,2590568697
12/07/2020,3694.73,3697.41,3678.88,3691.96,2342275038
12/08/2020,3683.05,3708.45,3678.83,3702.25,2268154082
12/09/2020,3705.98,3712.39,3660.54,3672.82,2749560079
12/10/2020,3659.13,3678.49,3645.18,3668.1,2390202914
12/11/2020,3656.08,3665.91,3633.4,3663.46,2311662756
12/14/2020,3675.27,3697.61,3645.84,3647.49,2508893728
12/15/2020,3666.41,3695.29,3659.62,3694.62,2512243045
12/16/2020,3696.25,3711.27,3688.57,3701.17,2245020783
12/17/2020,3713.65,3725.12,3710.87,3722.48,2195077598
12/18/2020,3722.39,3726.7,3685.84,3709.41,4274404736
12/21/2020,3684.28,3702.9,3636.48,3694.92,2644225553
12/22/2020,3698.08,3698.26,3676.16,3687.26,2173874864
12/23/2020,3693.42,3711.24,3689.28,3690.01,1825277116
12/24/2020,3694.03,3703.82,3689.32,3703.06,814704870
12/28/2020,3723.03,3740.51,3723.03,3735.36,1651103623
12/29/2020,3750.01,3756.12,3723.31,3727.04,1639530130
12/30/2020,3736.19,3744.63,3730.21,3732.04,1559438081
